{"cameraMode":{"drawMode":0,"name":"Shaded","section":"Shading Mode"},"sceneLighting":false,"audioPlay":false,"sceneViewState":{"showFog":true,"showMaterialUpdate":false,"showSkybox":false,"showFlares":true,"showImageEffects":true,"showParticleSystems":true,"showVisualEffectGraphs":true,"m_FxEnabled":true},"in2DMode":false,"pivot":{"x":0.02313806489109993,"y":0.015181750059127808,"z":0.060387253761291507},"rotation":{"x":0.19383583962917329,"y":-0.7035897374153137,"z":0.20957763493061067,"w":0.6507436633110046},"size":0.05936002358794212,"orthographic":false}