{"cameraMode":{"drawMode":0,"name":"Shaded","section":"Shading Mode"},"sceneLighting":true,"audioPlay":false,"sceneViewState":{"showFog":true,"showMaterialUpdate":false,"showSkybox":true,"showFlares":true,"showImageEffects":true,"showParticleSystems":true,"showVisualEffectGraphs":true,"m_FxEnabled":true},"in2DMode":false,"pivot":{"x":-0.08712010085582733,"y":1.1025474071502686,"z":0.14375512301921845},"rotation":{"x":0.03505002334713936,"y":-0.7432178854942322,"z":0.03905424848198891,"w":0.6669931411743164},"size":1.817541241645813,"orthographic":true}