{"cameraMode":{"drawMode":0,"name":"Shaded","section":"Shading Mode"},"sceneLighting":true,"audioPlay":false,"sceneViewState":{"showFog":true,"showMaterialUpdate":false,"showSkybox":true,"showFlares":true,"showImageEffects":true,"showParticleSystems":true,"showVisualEffectGraphs":true,"m_FxEnabled":true},"in2DMode":false,"pivot":{"x":0.10064041614532471,"y":1.063196063041687,"z":-0.340606689453125},"rotation":{"x":0.7134421467781067,"y":0.0010510875144973398,"z":-0.0010702389990910888,"w":0.7007142901420593},"size":8.937239646911621,"orthographic":true}