{"cameraMode":{"drawMode":0,"name":"Shaded","section":"Shading Mode"},"sceneLighting":true,"audioPlay":false,"sceneViewState":{"showFog":true,"showMaterialUpdate":false,"showSkybox":true,"showFlares":true,"showImageEffects":true,"showParticleSystems":true,"showVisualEffectGraphs":true,"m_FxEnabled":true},"in2DMode":false,"pivot":{"x":-0.00015783309936523438,"y":1.4597245454788209,"z":-1.1329739093780518},"rotation":{"x":0.7032643556594849,"y":0.00469302898272872,"z":-0.004642942920327187,"w":0.7108978033065796},"size":4.852013111114502,"orthographic":false}