{"cameraMode":{"drawMode":0,"name":"Shaded","section":"Shading Mode"},"sceneLighting":true,"audioPlay":false,"sceneViewState":{"showFog":true,"showMaterialUpdate":false,"showSkybox":true,"showFlares":true,"showImageEffects":true,"showParticleSystems":true,"showVisualEffectGraphs":true,"m_FxEnabled":true},"in2DMode":false,"pivot":{"x":-0.6847780346870422,"y":-0.25872230529785159,"z":-0.34806472063064577},"rotation":{"x":0.581814169883728,"y":0.00902993232011795,"z":-0.00645796163007617,"w":0.8132479786872864},"size":6.696702003479004,"orthographic":false}